Stock,p_HH,p_LH,p_LL,p_HL,r_H,r_L
0,0.9,0.1,0.9,0.1,0.01822934839189694,0.057892727351473855
1,0.9,0.1,0.9,0.1,-0.015330090019159227,-0.004837206194196888
2,0.9,0.1,0.9,0.1,0.005510354556613365,-0.013656386561587585
3,0.9,0.1,0.9,0.1,0.054678251071557035,0.06543085676340647
4,0.5,0.5,0.5,0.5,-0.014216855975211176,-0.00018395347953130414
5,0.5,0.5,0.5,0.5,-0.01766556906863965,-0.012893289879541522
6,0.5,0.5,0.5,0.5,0.08730668580558067,0.006853888937861624
7,0.5,0.5,0.5,0.5,0.07012674146718456,0.06579201486744876
